{"aBqhEU7cwAGIWFiBtRf1mA==":"screen%20shot%202018-05-30%20at%209.46.14%20pm-122x76.png","tpTYxmFbZWYVqPowpxGeSg==":"screen%20shot%202018-05-31%20at%2012.20.34%20pm-122x29.png","56Xy1Mi94Yf0S4m5qhYJnA==":"screen%20shot%202018-05-31%20at%2012.21.13%20pm-512x127.png","m8bGPZSg6jUCgKhBmjbMGg==":"screen%20shot%202018-05-31%20at%2012.21.13%20pm-122x30.png","YLOFIhPRQIxY0bAQOHcSzg==":"screen%20shot%202018-05-31%20at%2012.21.13%20pm-494x123.png","Q8kyWdiPLYJ/4F1Ss+9IyA==":"03.jpg","1y7vTRJUzpdoWi4D9j4NyQ==":"ai-blog-1920x1080.png","og1bqtsDeenU0t9vwd8k4A==":"illustration-artificial-intelligence-565x335.png","2oH8rXfBxSkBHXOjK3KzVQ==":"mbr-686x1080.jpg","fs52DcyRN5EUSD5joyBrMA==":"1_3qfra8qnx4i9o0t6k_6xbw-1170x780.png","uRafTRmdxA0iDk8U/2a2gg==":"facescan.gif","8PM5mFXI70dxMgqno2YCcQ==":"allofai_white-122x62.png","Dn0dfd7hfJvDJwI0++zYzw==":"308891-p8dohs-284.svg","FThnC8dAM1MwFsg+i5yGbg==":"screen%20shot%202018-05-30%20at%2094610%20pm%20copy-320x283.png","hB0xv6NFYKpPiUTe1zIHLQ==":"spheres-motion-for-ai-product-design-by-gleb-large.gif","Th6zOqsxAFzLnZ+sfSgUIw==":"loader-motion-exploration-for-ai-product-large.gif","YH/13j/KDDk9CX9nVzdNVQ==":"giphy.gif","LLqt4Uxj/PUGUD3ez4LOfw==":"screen%20shot%202018-05-30%20at%2094610%20pm%20copy%202-1070x546.png","arlahnWO8AIZwXA2Hlb6bg==":"screen%20shot%202018-05-30%20at%2094610%20pm%20copy%202-1014x517.png","Os1hpkyKHdJTZJYYSjSiXg==":"01.jpg","D/MJwuutwIhlmcioKCvGqA==":"04.jpg","HoeEF4HfT9nMa9Cg+v0y1w==":"02.jpg","JVOcVJg2tJXVAIzte5uI4Q==":"admit%20card-2048x1536.jpg","0OOE1Usrtktm437Z/qTMRQ==":"background2.jpg","ihlkf69UyfSmhSyJ1Jvc6w==":"jumbotron.jpg","h4GiuOLsKDKUtIleSaxrDQ==":"busy-dribbble.gif","BgAIeHFJHMfIrTZEjjX11A==":"picture1-1014x616.png","vk/EOUTz5ZCgV6Nkj303dg==":"picture11-622x594.png","gQCOgCQt4Uvn7c8FREb91w==":"picture21-750x621.png","o8WXG9XlsbrrzD21bbsItA==":"picture1-975x273.png","lLvGKszuEfpicutnBSwgRA==":"dpicture1-975x458.png","MDT9i5pT+s7Emjim4o4x4A==":"picture1-763x549.png","VceLbMoZ9SlqepGKSOmEaw==":"picture14-941x536.png","fqjdj2IneBFmC8/bO5eJdg==":"picture15-941x534.png","/D8OVeX5DV5QFd0hmoVSDQ==":"education-deeplearning@2x-302x244.png","U6GUhCaXV3G6Syf0bocTyg==":"ai_ml_dl-832x445.png","OdiPcxgsUAG8D3fu8pKFTw==":"1c_650x434_acf_cropped-650x434.png","ky4AhsrBaP9+/HWP5HkMEw==":"analytics-graph-580x137.png","4qUvBhOPeZ3E3CJW1QTQ7Q==":"d-667x413.png","NBeRvGcH5uJp6ycGjhXatA==":"background4.jpg","J+YL7QDQPDO0qlZRhKe7Qg==":"picture1-975x435.png","BDdTjbIl5JeUReEkQSxInA==":"df-975x256.png","w/t0XVdexcpNIslswAN5sA==":"dbf-844x570.png","gAE8ELQCWur5l7tV1iX+1g==":"picturdse1-613x408.png","reWsPVDXyrjIOBpjEvMZCw==":"picture1df-377x395.png","LZ3IkqpFGBGpglEdS1Wq1g==":"1_aghlrwffrkd2sjvoy_7lcg-600x270.png","FF0bBx1jv0yWn62jwoFRyA==":"top-enterprise-graph-1439x347.png","KrrOUXiBYCo0t/7FQHH6GA==":"coming-soon-dribbble.gif","tsnATy0ard5isalac9S2dw==":"mbr-492x328.jpg","TvhfK6DX5nq64X38Vy+PPg==":"mbr-492x277.jpg","M9vpufphvR06Wh8XuNjrog==":"mbr-492x290.jpg","50ZG1P8Ejn9+rFg7Ssy+kw==":"mbr-492x327.jpg","LiUIORYxGXGMpCM1i0NnEA==":"06.jpg"}